repository,title,labels,assignees,milestone,task_id,priority,estimate,phase,task_file
michelve/dsai,Create Nx Monorepo Structure,"👨‍💻 developer,💻 code,🔴 critical,📍 phase-0,✅ completed",michelve,Phase 0,TASK-001,Critical,8 hours,Phase 0 - Foundation (Week 1-4),completed/TASK-001-create-nx-monorepo-structure.md
michelve/dsai,"Configure TypeScript, ESLint, and Prettier","👨‍💻 developer,💻 code,🔧 infrastructure,🔴 critical,📍 phase-0,✅ completed",michelve,Phase 0,TASK-002,Critical,6 hours,Phase 0 - Foundation (Week 1-4),completed/TASK-002-configure-typescript-eslint-prettier.md
michelve/dsai,Set up Rollup/tsup Build Pipeline,"👨‍💻 developer,💻 code,🔧 infrastructure,🔴 critical,📍 phase-0,✅ completed",michelve,Phase 0,TASK-003,Critical,6 hours,Phase 0 - Foundation (Week 1-4),completed/TASK-003-setup-build-pipeline.md
michelve/dsai,Create CI/CD Pipeline Skeleton with GitHub Actions,"👨‍💻 developer,💻 code,🔧 infrastructure,🔴 critical,📍 phase-0,✅ completed",michelve,Phase 0,TASK-004,Critical,6 hours,Phase 0 - Foundation (Week 1-4),completed/TASK-004-create-cicd-pipeline-skeleton.md
michelve/dsai,Set up Testing Infrastructure (Jest + React Testing Library + jest-axe),"👨‍💻 developer,🧪 testing,🔴 critical,📍 phase-0,✅ completed",michelve,Phase 0,TASK-005,Critical,8 hours,Phase 0 - Foundation (Week 1-4),completed/TASK-005-setup-testing-infrastructure.md
michelve/dsai,Designer Task - Audit Bootstrap 5 Component System,"👨‍🎨 designer,🎨 design,🧪 testing,🔴 critical,📍 phase-0,📋 todo,🔒 security",,Phase 0,TASK-006,Critical,10 hours,Phase 0 - Foundation (Week 1-4),01-critical/TASK-006-designer-audit-bootstrap-components.md
michelve/dsai,Designer Task - Define Brand Color Palette (40-60 Colors),"👨‍🎨 designer,🎨 design,🎨 design-tokens,🔴 critical,📍 phase-0,📋 todo",,Phase 0,TASK-007,Critical,12 hours,Phase 0 - Foundation (Week 1-4),01-critical/TASK-007-designer-define-color-palette.md
michelve/dsai,Create Figma File Structure,"👨‍🎨 designer,🎨 design,💻 code,🎨 figma,🔴 critical,📍 phase-0,📋 todo",,Phase 0,TASK-008,Critical,8 hours,Phase 0 - Foundation (Weeks 1-2),01-critical/TASK-008-create-figma-file-structure.md
michelve/dsai,Define Typography Scale,"👨‍🎨 designer,🎨 design,🎨 design-tokens,🔴 critical,📍 phase-0,📋 todo",,Phase 0,TASK-009,Critical,6 hours,Phase 0 - Foundation (Weeks 1-2),01-critical/TASK-009-define-typography-scale.md
michelve/dsai,Create Figma Variables Collection,"👨‍🎨 designer,🎨 design,🎨 figma,🔴 critical,📍 phase-0,📋 todo,♿ accessibility",,Phase 0,TASK-010,Critical,8 hours,Phase 0 - Foundation (Weeks 1-2),01-critical/TASK-010-create-figma-variables-collection.md
michelve/dsai,Design JSON Token Structure,"👨‍💻 developer,🎨 design,🎨 design-tokens,🔴 critical,📍 phase-1,📋 todo",michelve,Phase 1,TASK-011,Critical,8 hours,Phase 1 - Token System (Weeks 3-6),02-high/TASK-011-design-json-token-structure.md
michelve/dsai,Setup Style Dictionary Pipeline,"👨‍💻 developer,💻 code,🔧 infrastructure,🟠 high-priority,📍 phase-1,📋 todo",michelve,Phase 1,TASK-012,High,6 hours,Phase 1 - Token System (Weeks 3-6),02-high/TASK-012-setup-style-dictionary-pipeline.md
michelve/dsai,Configure Storybook 7,"👨‍💻 developer,💻 code,🔧 infrastructure,📖 storybook,🟠 high-priority,📍 phase-1,📋 todo",michelve,Phase 1,TASK-013,High,8 hours,Phase 1 - Token System (Weeks 3-6),02-high/TASK-013-configure-storybook-7.md
michelve/dsai,Create Base Component Template,"👨‍💻 developer,💻 code,🟠 high-priority,📍 phase-1,📋 todo",michelve,Phase 1,TASK-014,High,6 hours,Phase 1 - Token System (Weeks 3-6),02-high/TASK-014-create-base-component-template.md
michelve/dsai,Token-to-CSS Variable Generation,"👨‍💻 developer,🎨 design,🎨 design-tokens,🟠 high-priority,📍 phase-1,📋 todo,♿ accessibility",michelve,Phase 1,TASK-015,High,6 hours,Phase 1 - Token System (Weeks 3-6),02-high/TASK-015-token-to-css-variable-generation.md
michelve/dsai,Create TypeScript Types for Tokens,"👨‍💻 developer,💻 code,🎨 design-tokens,🟡 medium-priority,📍 phase-1,📋 todo",michelve,Phase 1,TASK-016,Medium,4 hours,Phase 1 - Token System (Weeks 3-6),02-high/TASK-016-create-typescript-types-for-tokens.md
michelve/dsai,GitHub Actions Token Sync,"👨‍💻 developer,🎨 design-tokens,🟡 medium-priority,📍 phase-1,📋 todo",michelve,Phase 1,TASK-017,Medium,6 hours,Phase 1 - Token System (Weeks 3-6),03-medium/TASK-017-github-actions-token-sync.md
michelve/dsai,Populate Figma Variables,"👨‍🎨 designer,🎨 design,🎨 figma,🟠 high-priority,📍 phase-1,📋 todo,♿ accessibility",,Phase 1,TASK-018,High,8 hours,Phase 1 - Token System (Weeks 3-6),02-high/TASK-018-populate-figma-variables.md
michelve/dsai,Create Semantic Token Definitions,"👨‍💻 developer,💻 code,🎨 design-tokens,🟠 high-priority,📍 phase-1,📋 todo",michelve,Phase 1,TASK-019,High,8 hours,Phase 1 - Token System (Weeks 3-6),02-high/TASK-019-create-semantic-token-definitions.md
michelve/dsai,Design Storybook Theme,"👨‍💻 developer,🎨 design,🔧 infrastructure,📖 storybook,🟠 high-priority,📍 phase-1,📋 todo",michelve,Phase 1,TASK-020,High,6 hours,Phase 1 - Token System (Weeks 3-6),02-high/TASK-020-design-storybook-theme.md
michelve/dsai,Button Component,"👨‍💻 developer,💻 code,🧩 component,simple,🟠 high-priority,📍 phase-2a,📋 todo",michelve,Phase 2A,TASK-021,High,6 hours,Phase 2A - Simple Components (Weeks 7-8),02-high/TASK-021-button-component.md
michelve/dsai,Badge Component,"👨‍💻 developer,💻 code,🧩 component,simple,🟠 high-priority,📍 phase-2a,📋 todo",michelve,Phase 2A,TASK-022,High,6 hours,Phase 2A - Simple Components (Weeks 7-8),02-high/TASK-022-badge-component.md
michelve/dsai,Alert Component,"👨‍💻 developer,💻 code,🧩 component,simple,🟠 high-priority,📍 phase-2a,📋 todo",michelve,Phase 2A,TASK-023,High,6 hours,Phase 2A - Simple Components (Weeks 7-8),02-high/TASK-023-alert-component.md
michelve/dsai,Progress Component,"👨‍💻 developer,💻 code,🧩 component,simple,🟠 high-priority,📍 phase-2a,📋 todo",michelve,Phase 2A,TASK-024,High,6 hours,Phase 2A - Simple Components (Weeks 7-8),02-high/TASK-024-progress-component.md
michelve/dsai,Spinner Component,"👨‍💻 developer,💻 code,🧩 component,simple,🟠 high-priority,📍 phase-2a,📋 todo",michelve,Phase 2A,TASK-025,High,6 hours,Phase 2A - Simple Components (Weeks 7-8),02-high/TASK-025-spinner-component.md
michelve/dsai,Checkbox Component,"👨‍💻 developer,💻 code,🧩 component,simple,🟠 high-priority,📍 phase-2a,📋 todo",michelve,Phase 2A,TASK-026,High,6 hours,Phase 2A - Simple Components (Weeks 7-8),02-high/TASK-026-checkbox-component.md
michelve/dsai,Radio Component,"👨‍💻 developer,💻 code,🧩 component,simple,🟠 high-priority,📍 phase-2a,📋 todo",michelve,Phase 2A,TASK-027,High,6 hours,Phase 2A - Simple Components (Weeks 7-8),02-high/TASK-027-radio-component.md
michelve/dsai,Form Input Component,"👨‍💻 developer,💻 code,🧩 component,medium,🟠 high-priority,📍 phase-2b,📋 todo",michelve,Phase 2B,TASK-028,High,8 hours,Phase 2B - Medium Components (Weeks 9-10),02-high/TASK-028-form-input-component.md
michelve/dsai,Select Component,"👨‍💻 developer,💻 code,🧩 component,medium,🟠 high-priority,📍 phase-2b,📋 todo",michelve,Phase 2B,TASK-029,High,8 hours,Phase 2B - Medium Components (Weeks 9-10),02-high/TASK-029-select-component.md
michelve/dsai,Switch Component,"👨‍💻 developer,💻 code,🧩 component,medium,🟠 high-priority,📍 phase-2b,📋 todo",michelve,Phase 2B,TASK-030,High,8 hours,Phase 2B - Medium Components (Weeks 9-10),02-high/TASK-030-switch-component.md
michelve/dsai,Tabs Component,"👨‍💻 developer,💻 code,🧩 component,medium,🟠 high-priority,📍 phase-2b,📋 todo",michelve,Phase 2B,TASK-031,High,8 hours,Phase 2B - Medium Components (Weeks 9-10),02-high/TASK-031-tabs-component.md
michelve/dsai,Breadcrumb Component,"👨‍💻 developer,💻 code,🧩 component,medium,🟠 high-priority,📍 phase-2b,📋 todo",michelve,Phase 2B,TASK-032,High,8 hours,Phase 2B - Medium Components (Weeks 9-10),02-high/TASK-032-breadcrumb-component.md
michelve/dsai,List Group Component,"👨‍💻 developer,💻 code,🧩 component,medium,🟠 high-priority,📍 phase-2b,📋 todo",michelve,Phase 2B,TASK-033,High,8 hours,Phase 2B - Medium Components (Weeks 9-10),02-high/TASK-033-list-group-component.md
michelve/dsai,Card Component,"👨‍💻 developer,💻 code,🧩 component,medium,🟠 high-priority,📍 phase-2b,📋 todo",michelve,Phase 2B,TASK-034,High,8 hours,Phase 2B - Medium Components (Weeks 9-10),02-high/TASK-034-card-component.md
michelve/dsai,Table Component,"👨‍💻 developer,💻 code,🧩 component,medium,🟠 high-priority,📍 phase-2b,📋 todo",michelve,Phase 2B,TASK-035,High,8 hours,Phase 2B - Medium Components (Weeks 9-10),02-high/TASK-035-table-component.md
michelve/dsai,Pagination Component,"👨‍💻 developer,💻 code,🧩 component,medium,🟠 high-priority,📍 phase-2b,📋 todo",michelve,Phase 2B,TASK-036,High,8 hours,Phase 2B - Medium Components (Weeks 9-10),02-high/TASK-036-pagination-component.md
michelve/dsai,Modal Component,"👨‍💻 developer,💻 code,🧩 component,complex,🟠 high-priority,📍 phase-2c,📋 todo",michelve,Phase 2C,TASK-037,High,12 hours,Phase 2C - Complex Components (Weeks 11-13),02-high/TASK-037-modal-component.md
michelve/dsai,Dropdown Component,"👨‍💻 developer,💻 code,🧩 component,complex,🟠 high-priority,📍 phase-2c,📋 todo",michelve,Phase 2C,TASK-038,High,12 hours,Phase 2C - Complex Components (Weeks 11-13),02-high/TASK-038-dropdown-component.md
michelve/dsai,Accordion Component,"👨‍💻 developer,💻 code,🧩 component,complex,🟠 high-priority,📍 phase-2c,📋 todo",michelve,Phase 2C,TASK-039,High,12 hours,Phase 2C - Complex Components (Weeks 11-13),02-high/TASK-039-accordion-component.md
michelve/dsai,Navbar Component,"👨‍💻 developer,💻 code,🧩 component,complex,🟠 high-priority,📍 phase-2c,📋 todo",michelve,Phase 2C,TASK-040,High,12 hours,Phase 2C - Complex Components (Weeks 11-13),02-high/TASK-040-navbar-component.md
michelve/dsai,Carousel Component,"👨‍💻 developer,💻 code,🧩 component,complex,🟠 high-priority,📍 phase-2c,📋 todo",michelve,Phase 2C,TASK-041,High,12 hours,Phase 2C - Complex Components (Weeks 11-13),02-high/TASK-041-carousel-component.md
michelve/dsai,Tooltip Component,"👨‍💻 developer,💻 code,🧩 component,complex,🟠 high-priority,📍 phase-2c,📋 todo",michelve,Phase 2C,TASK-042,High,12 hours,Phase 2C - Complex Components (Weeks 11-13),02-high/TASK-042-tooltip-component.md
michelve/dsai,Popover Component,"👨‍💻 developer,💻 code,🧩 component,complex,🟠 high-priority,📍 phase-2c,📋 todo",michelve,Phase 2C,TASK-043,High,12 hours,Phase 2C - Complex Components (Weeks 11-13),02-high/TASK-043-popover-component.md
michelve/dsai,Scrollspy Component,"👨‍💻 developer,💻 code,🧩 component,complex,🟠 high-priority,📍 phase-2c,📋 todo",michelve,Phase 2C,TASK-044,High,12 hours,Phase 2C - Complex Components (Weeks 11-13),02-high/TASK-044-scrollspy-component.md
michelve/dsai,Toast Component,"👨‍💻 developer,💻 code,🧩 component,complex,🟠 high-priority,📍 phase-2c,📋 todo",michelve,Phase 2C,TASK-045,High,12 hours,Phase 2C - Complex Components (Weeks 11-13),02-high/TASK-045-toast-component.md
michelve/dsai,Create Figma Code Connect Mappings,"👨‍💻 developer,🎨 design,💻 code,🎨 figma,🟡 medium-priority,📍 phase-3,📋 todo",michelve,Phase 3,TASK-046,Medium,16 hours,Phase 3 - Figma Integration (Weeks 14-15),03-medium/TASK-046-create-figma-code-connect-mappings.md
michelve/dsai,Automate Code Connect Sync,"👨‍💻 developer,🎨 figma,🟡 medium-priority,📍 phase-3,📋 todo",michelve,Phase 3,TASK-047,Medium,8 hours,Phase 3 - Figma Integration (Weeks 14-15),03-medium/TASK-047-automate-code-connect-sync.md
michelve/dsai,Create Figma Plugin for Component Usage,"👨‍💻 developer,🎨 design,💻 code,🎨 figma,🟡 medium-priority,📍 phase-3,📋 todo",michelve,Phase 3,TASK-048,Medium,20 hours,Phase 3 - Figma Integration (Weeks 14-15),03-medium/TASK-048-create-figma-plugin-for-component-usage.md
michelve/dsai,Document Figma-to-Code Workflow,"👨‍🎨 designer,🎨 design,📚 documentation,🎨 figma,🟡 medium-priority,📍 phase-3,📋 todo",,Phase 3,TASK-049,Medium,8 hours,Phase 3 - Figma Integration (Weeks 14-15),03-medium/TASK-049-document-figma-to-code-workflow.md
michelve/dsai,Figma Variables Sync Validation,"👨‍💻 developer,🎨 design,🎨 figma,🟡 medium-priority,📍 phase-3,📋 todo,♿ accessibility",michelve,Phase 3,TASK-050,Medium,8 hours,Phase 3 - Figma Integration (Weeks 14-15),03-medium/TASK-050-figma-variables-sync-validation.md
michelve/dsai,Performance Optimization Audit,"👨‍💻 developer,🎨 design,🧪 testing,🟠 high-priority,📍 phase-4,📋 todo,⚡ performance,🔒 security",michelve,Phase 4,TASK-051,High,12 hours,Phase 4 - Polish & Release (Weeks 16-18),02-high/TASK-051-performance-optimization-audit.md
michelve/dsai,Security Audit,"👨‍💻 developer,🎨 design,🧪 testing,🟠 high-priority,📍 phase-4,📋 todo,🔒 security",michelve,Phase 4,TASK-052,High,8 hours,Phase 4 - Polish & Release (Weeks 16-18),02-high/TASK-052-security-audit.md
michelve/dsai,Test Coverage Audit,"👨‍💻 developer,🎨 design,🧪 testing,🟠 high-priority,📍 phase-4,📋 todo,🔒 security",michelve,Phase 4,TASK-053,High,8 hours,Phase 4 - Polish & Release (Weeks 16-18),02-high/TASK-053-test-coverage-audit.md
michelve/dsai,Release Pipeline Setup,"👨‍💻 developer,💻 code,🔧 infrastructure,🟠 high-priority,📍 phase-4,📋 todo",michelve,Phase 4,TASK-054,High,12 hours,Phase 4 - Polish & Release (Weeks 16-18),02-high/TASK-054-release-pipeline-setup.md
michelve/dsai,Create Upgrade Guide,"👨‍💻 developer,💻 code,📚 documentation,🟠 high-priority,📍 phase-4,📋 todo",michelve,Phase 4,TASK-055,High,8 hours,Phase 4 - Polish & Release (Weeks 16-18),02-high/TASK-055-create-upgrade-guide.md
michelve/dsai,Final Design Review,"👨‍💻 developer,🎨 design,🟠 high-priority,📍 phase-4,📋 todo",michelve,Phase 4,TASK-056,High,8 hours,Phase 4 - Polish & Release (Weeks 16-18),02-high/TASK-056-final-design-review.md
michelve/dsai,Build [Component Name] Component,"👨‍💻 developer,💻 code,🔧 infrastructure,📋 todo",michelve,Phase 2[A/B/C],TASK-XXX,[Critical/High/Medium],[6h/8h/12h based on complexity],Phase 2[A/B/C] - [Simple/Medium/Complex] Components,tasks/TASK-MAPPING-COMPLETE.md